PATIENT_ID,SORT_KEY,USAGE_HOURS,FG_SERIAL_NO,SESSION_DATE,MODE,SLEEP_SCORE,AHI_SCORE,LEAK_SCORE,MASK_SCORE,USAGE_SCORE,MASK_SESSION_COUNT,AHI,LEAK_50_PERCENTILE,LEAK_70_PERCENTILE,LEAK_95_PERCENTILE,EXPIRATION_TIMESTAMP,EVENTID,EVENTNAME,EVENTVERSION,EVENTSOURCE,AWSREGION,EVENTSOURCEARN,APPROXIMATECREATIONDATETIME,SEQUENCENUMBER,SIZEBYTES,STREAMVIEWTYPE,RECORD_DELETE_IND,DATA_LOAD_SOURCE,DATA_UPDATE_SOURCE,DATA_LOAD_TIME,DATA_UPDATE_TIME,RECORD_MD5,SOURCE_SYSTEM_ID,RECORD_ARCHIVE_IND
00uhdtmtv4WYdSYQ8297,SLEEP_RECORD#2023-03-27,4.53,23223801940,2023-03-27T00:00:00.000Z,AutoSet,55,5,0,5,45,2,3.5,43.2,48.0,61.2,2024-03-31T00:00:00.000Z,4a84a39eb6b03863b38c9b4dec52c173,MODIFY,1.1,aws:dynamodb,us-west-2,arn:aws:dynamodb:us-west-2:726255829065:table/myair_patient_v1.0.1/stream/2020-12-06T07:03:05.495,2023-03-28T15:37:59.000Z,27426180600000000005992825688,766,NEW_AND_OLD_IMAGES,N,"","",2023-03-28T11:30:36.538Z,2023-03-28T17:31:07.252Z,"",5,N
00uhdtmtv4WYdSYQ8297,SLEEP_RECORD#2023-05-01,7.38,23223801940,2023-05-01T00:00:00.000Z,AutoSet,80,5,0,5,70,1,2.0,49.2,56.4,72.0,2024-05-05T00:00:00.000Z,37d51fa2096671e225750d58676a61e3,INSERT,1.1,aws:dynamodb,us-west-2,arn:aws:dynamodb:us-west-2:726255829065:table/myair_patient_v1.0.1/stream/2020-12-06T07:03:05.495,2023-05-02T16:20:43.000Z,28814764100000000008663971977,412,NEW_AND_OLD_IMAGES,N,"","",2023-05-02T17:37:55.351Z,2023-05-02T17:37:55.351Z,"",5,N
00uhdtmtv4WYdSYQ8297,SLEEP_RECORD#2023-05-20,4.92,23223801940,2023-05-20T00:00:00.000Z,AutoSet,59,5,0,5,49,1,1.6,66.0,70.8,80.4,2024-05-24T00:00:00.000Z,c06b0ea0a9fb5ee20e4ab87ef917355b,INSERT,1.1,aws:dynamodb,us-west-2,arn:aws:dynamodb:us-west-2:726255829065:table/myair_patient_v1.0.1/stream/2020-12-06T07:03:05.495,2023-05-21T15:37:07.000Z,29565630500000000043830260685,413,NEW_AND_OLD_IMAGES,N,"","",2023-05-21T17:31:33.619Z,2023-05-21T17:31:33.619Z,"",5,N
00uhdtmtv4WYdSYQ8297,SLEEP_RECORD#2023-05-06,3.65,23223801940,2023-05-06T00:00:00.000Z,AutoSet,45,4,0,4,37,3,6.8,44.4,49.2,58.8,2024-05-10T00:00:00.000Z,5bf247f597505d045609704a7d0f11fc,MODIFY,1.1,aws:dynamodb,us-west-2,arn:aws:dynamodb:us-west-2:726255829065:table/myair_patient_v1.0.1/stream/2020-12-06T07:03:05.495,2023-05-07T12:57:45.000Z,29003651700000000037169819009,766,NEW_AND_OLD_IMAGES,N,"","",2023-05-07T11:30:32.375Z,2023-05-07T17:31:37.595Z,"",5,N
00uhdtmtv4WYdSYQ8297,SLEEP_RECORD#2023-03-22,0.08,23223801940,2023-03-22T00:00:00.000Z,AutoSet,28,5,17,5,1,1,0.0,18.0,18.0,22.8,2024-03-26T00:00:00.000Z,3de51f3e1bb24e51e87e4ee4b190695a,INSERT,1.1,aws:dynamodb,us-west-2,arn:aws:dynamodb:us-west-2:726255829065:table/myair_patient_v1.0.1/stream/2020-12-06T07:03:05.495,2023-03-23T06:20:25.000Z,27202754700000000005371524514,410,NEW_AND_OLD_IMAGES,N,"","",2023-03-23T05:30:34.831Z,2023-03-23T11:30:34.116Z,"",5,N
00uhdtmtv4WYdSYQ8297,SLEEP_RECORD#2023-06-02,3.25,23223801940,2023-06-02T00:00:00.000Z,AutoSet,43,5,0,5,33,1,1.2,51.6,57.6,68.4,2024-06-06T00:00:00.000Z,235b35281a6292a8607c7bc351572436,INSERT,1.1,aws:dynamodb,us-west-2,arn:aws:dynamodb:us-west-2:726255829065:table/myair_patient_v1.0.1/stream/2020-12-06T07:03:05.495,2023-06-04T18:50:18.000Z,30112491200000000009701085683,414,NEW_AND_OLD_IMAGES,N,"","",2023-06-05T12:44:26.463Z,2023-06-05T12:44:26.463Z,"",5,N
00uhdtmtv4WYdSYQ8297,SLEEP_RECORD#2023-03-12,4.57,23223801940,2023-03-12T00:00:00.000Z,AutoSet,61,5,5,5,46,1,4.3,36.0,37.2,44.4,2024-03-16T00:00:00.000Z,f47db422b5ceec436feb8923ad899601,INSERT,1.1,aws:dynamodb,us-west-2,arn:aws:dynamodb:us-west-2:726255829065:table/myair_patient_v1.0.1/stream/2020-12-06T07:03:05.495,2023-03-13T11:41:04.000Z,26820299600000000004297665369,414,NEW_AND_OLD_IMAGES,N,"","",2023-03-13T11:30:16.979Z,2023-03-13T11:30:16.979Z,"",5,N
00uhdtmtv4WYdSYQ8297,SLEEP_RECORD#2023-06-20,7.48,23223801940,2023-06-20T00:00:00.000Z,AutoSet,80,5,0,5,70,1,1.2,52.8,60.0,69.6,2024-06-24T00:00:00.000Z,341770268f75200be379e74dfaf2ed00,INSERT,1.1,aws:dynamodb,us-west-2,arn:aws:dynamodb:us-west-2:726255829065:table/myair_patient_v1.0.1/stream/2020-12-06T07:03:05.495,2023-06-21T13:36:27.000Z,30909267600000000026678827351,413,NEW_AND_OLD_IMAGES,N,"","",2023-06-21T08:30:46.905Z,2023-06-21T09:30:44.424Z,"",5,N
00uhdtmtv4WYdSYQ8297,SLEEP_RECORD#2023-04-11,6.07,23223801940,2023-04-11T00:00:00.000Z,AutoSet,71,5,0,5,61,2,1.3,62.4,68.4,76.8,2024-04-15T00:00:00.000Z,667e68bb38bf714c0d92399d245ced90,MODIFY,1.1,aws:dynamodb,us-west-2,arn:aws:dynamodb:us-west-2:726255829065:table/myair_patient_v1.0.1/stream/2020-12-06T07:03:05.495,2023-04-12T15:52:25.000Z,28022605100000000004856058089,766,NEW_AND_OLD_IMAGES,N,"","",2023-04-12T17:32:05.194Z,2023-04-12T17:32:05.194Z,"",5,N
00uhdtmtv4WYdSYQ8297,SLEEP_RECORD#2023-05-10,1.88,23223801940,2023-05-10T00:00:00.000Z,AutoSet,29,5,0,5,19,1,0.5,46.8,51.6,56.4,2024-05-14T00:00:00.000Z,694ccfa7b76e629adb9b4aa289595a22,INSERT,1.1,aws:dynamodb,us-west-2,arn:aws:dynamodb:us-west-2:726255829065:table/myair_patient_v1.0.1/stream/2020-12-06T07:03:05.495,2023-05-11T08:54:40.000Z,29153008300000000013271237909,413,NEW_AND_OLD_IMAGES,N,"","",2023-05-11T11:30:32.554Z,2023-05-11T11:30:32.554Z,"",5,N
00uhdtmtv4WYdSYQ8297,SLEEP_RECORD#2023-03-06,5.0,23223801940,2023-03-06T00:00:00.000Z,AutoSet,62,4,4,4,50,3,7.2,33.6,37.2,48.0,2024-03-10T00:00:00.000Z,b72a4104ed3fa47ff57630b49ec4eb4f,MODIFY,1.1,aws:dynamodb,us-west-2,arn:aws:dynamodb:us-west-2:726255829065:table/myair_patient_v1.0.1/stream/2020-12-06T07:03:05.495,2023-03-07T19:50:01.000Z,26604875400000000038444937645,766,NEW_AND_OLD_IMAGES,N,"","",2023-03-07T10:30:26.287Z,2023-03-07T22:30:24.858Z,"",5,N
00uhdtmtv4WYdSYQ8297,SLEEP_RECORD#2023-04-27,0.0,23223801940,2023-04-27T00:00:00.000Z,"",20,0,20,0,0,0,"","","","",2024-05-01T00:00:00.000Z,547d14b15e5c3a648fb37777cb37db26,INSERT,1.1,aws:dynamodb,us-west-2,arn:aws:dynamodb:us-west-2:726255829065:table/myair_patient_v1.0.1/stream/2020-12-06T07:03:05.495,2023-04-28T19:00:38.000Z,28665003100000000023553075615,324,NEW_AND_OLD_IMAGES,N,"","",2023-04-28T23:31:08.315Z,2023-04-28T23:31:08.315Z,"",5,N
00uhdtmtv4WYdSYQ8297,SLEEP_RECORD#2023-06-21,3.43,23223801940,2023-06-21T00:00:00.000Z,AutoSet,44,5,0,5,34,1,4.3,51.6,52.8,60.0,2024-06-25T00:00:00.000Z,d9efb9f9c4cd2fcab20f8917e4f06ddf,INSERT,1.1,aws:dynamodb,us-west-2,arn:aws:dynamodb:us-west-2:726255829065:table/myair_patient_v1.0.1/stream/2020-12-06T07:03:05.495,2023-06-22T10:38:47.000Z,30940500700000000010332219123,413,NEW_AND_OLD_IMAGES,N,"","",2023-06-22T05:30:53.405Z,2023-06-22T06:30:48.515Z,"",5,N
00uhdtmtv4WYdSYQ8297,SLEEP_RECORD#2023-04-28,3.48,23223801940,2023-04-28T00:00:00.000Z,AutoSet,46,5,2,4,35,3,2.2,38.4,44.4,51.6,2024-05-02T00:00:00.000Z,741b42c65df8ce67082b403b05c505e9,MODIFY,1.1,aws:dynamodb,us-west-2,arn:aws:dynamodb:us-west-2:726255829065:table/myair_patient_v1.0.1/stream/2020-12-06T07:03:05.495,2023-04-29T16:25:40.000Z,28697460900000000023490086411,769,NEW_AND_OLD_IMAGES,N,"","",2023-04-29T11:31:39.889Z,2023-04-29T17:31:46.348Z,"",5,N
00uhdtmtv4WYdSYQ8297,SLEEP_RECORD#2023-03-05,5.25,23223801940,2023-03-05T00:00:00.000Z,AutoSet,70,5,7,5,53,1,1.1,30.0,34.8,40.8,2024-03-09T00:00:00.000Z,4821101d75dc59e029402cd503548360,INSERT,1.1,aws:dynamodb,us-west-2,arn:aws:dynamodb:us-west-2:726255829065:table/myair_patient_v1.0.1/stream/2020-12-06T07:03:05.495,2023-03-06T14:48:13.000Z,26555300100000000001980000304,414,NEW_AND_OLD_IMAGES,N,"","",2023-03-06T16:30:34.674Z,2023-03-06T16:30:34.674Z,"",5,N
00uhdtmtv4WYdSYQ8297,SLEEP_RECORD#2023-05-23,3.78,23223801940,2023-05-23T00:00:00.000Z,AutoSet,48,5,0,5,38,1,1.8,51.6,58.8,69.6,2024-05-27T00:00:00.000Z,a9285aea35920d8bc4fcdcb298030eed,INSERT,1.1,aws:dynamodb,us-west-2,arn:aws:dynamodb:us-west-2:726255829065:table/myair_patient_v1.0.1/stream/2020-12-06T07:03:05.495,2023-05-24T11:07:04.000Z,29676828800000000026021135701,414,NEW_AND_OLD_IMAGES,N,"","",2023-05-24T11:30:44.762Z,2023-05-24T11:30:44.762Z,"",5,N
00uhdtmtv4WYdSYQ8297,SLEEP_RECORD#2023-03-19,3.35,23223801940,2023-03-19T00:00:00.000Z,AutoSet,49,5,5,5,34,1,5.9,34.8,37.2,45.6,2024-03-23T00:00:00.000Z,aa13b10bb428639046ac00bee1f11bd7,INSERT,1.1,aws:dynamodb,us-west-2,arn:aws:dynamodb:us-west-2:726255829065:table/myair_patient_v1.0.1/stream/2020-12-06T07:03:05.495,2023-03-20T10:47:08.000Z,27091510700000000003184980262,415,NEW_AND_OLD_IMAGES,N,"","",2023-03-20T11:30:37.848Z,2023-03-20T11:30:37.848Z,"",5,N
00uhdtmtv4WYdSYQ8297,SLEEP_RECORD#2023-03-14,1.83,23223801940,2023-03-14T00:00:00.000Z,AutoSet,33,5,6,4,18,3,3.2,33.6,36.0,43.2,2024-03-18T00:00:00.000Z,88007aea8edb9e920037b0e6259bbd45,MODIFY,1.1,aws:dynamodb,us-west-2,arn:aws:dynamodb:us-west-2:726255829065:table/myair_patient_v1.0.1/stream/2020-12-06T07:03:05.495,2023-03-15T08:01:52.000Z,26891373800000000036487617665,763,NEW_AND_OLD_IMAGES,N,"","",2023-03-15T05:30:30.631Z,2023-03-15T11:30:33.300Z,"",5,N
00uhdtmtv4WYdSYQ8297,SLEEP_RECORD#2023-04-16,5.73,23223801940,2023-04-16T00:00:00.000Z,AutoSet,67,5,0,5,57,1,2.0,50.4,55.2,67.2,2024-04-20T00:00:00.000Z,44e5bf19001733b17bb79027d411dc50,INSERT,1.1,aws:dynamodb,us-west-2,arn:aws:dynamodb:us-west-2:726255829065:table/myair_patient_v1.0.1/stream/2020-12-06T07:03:05.495,2023-04-17T16:23:52.000Z,28220807900000000005298379498,413,NEW_AND_OLD_IMAGES,N,"","",2023-04-17T17:30:53.761Z,2023-04-17T17:30:53.761Z,"",5,N
00uhdtmtv4WYdSYQ8297,SLEEP_RECORD#2023-03-01,1.63,23223801940,2023-03-01T00:00:00.000Z,AutoSet,34,5,8,5,16,1,6.1,24.0,36.0,39.6,2024-03-05T00:00:00.000Z,8bc4a06e88f6c63cbaf88849a67f355a,INSERT,1.1,aws:dynamodb,us-west-2,arn:aws:dynamodb:us-west-2:726255829065:table/myair_patient_v1.0.1/stream/2020-12-06T07:03:05.495,2023-03-02T08:56:35.000Z,26383903100000000037880617485,413,NEW_AND_OLD_IMAGES,N,"","",2023-03-02T10:30:27.717Z,2023-03-02T10:30:27.717Z,"",5,N
00uhdtmtv4WYdSYQ8297,SLEEP_RECORD#2023-03-09,4.25,23223801940,2023-03-09T00:00:00.000Z,AutoSet,53,5,0,5,43,1,2.8,42.0,48.0,55.2,2024-03-13T00:00:00.000Z,a8c0432883bc474241a97bf1418eb2ee,INSERT,1.1,aws:dynamodb,us-west-2,arn:aws:dynamodb:us-west-2:726255829065:table/myair_patient_v1.0.1/stream/2020-12-06T07:03:05.495,2023-03-10T09:56:46.000Z,26697758900000000027364294411,412,NEW_AND_OLD_IMAGES,N,"","",2023-03-10T10:30:24.573Z,2023-03-10T10:30:24.573Z,"",5,N
00uhdtmtv4WYdSYQ8297,SLEEP_RECORD#2023-03-31,5.45,23223801940,2023-03-31T00:00:00.000Z,AutoSet,62,2,0,5,55,2,13.7,45.6,51.6,64.8,2024-04-04T00:00:00.000Z,2ca8a447c11185aea4626ae2f7677355,MODIFY,1.1,aws:dynamodb,us-west-2,arn:aws:dynamodb:us-west-2:726255829065:table/myair_patient_v1.0.1/stream/2020-12-06T07:03:05.495,2023-04-01T15:50:46.000Z,27584762000000000035208523366,765,NEW_AND_OLD_IMAGES,N,"","",2023-04-01T11:30:37.746Z,2023-04-01T17:31:05.428Z,"",5,N
00uhdtmtv4WYdSYQ8297,SLEEP_RECORD#2023-06-11,3.55,23223801940,2023-06-11T00:00:00.000Z,AutoSet,46,5,0,5,36,1,0.8,63.6,69.6,81.6,2024-06-15T00:00:00.000Z,2479d34f24feee05fa0fbbcc06764555,INSERT,1.1,aws:dynamodb,us-west-2,arn:aws:dynamodb:us-west-2:726255829065:table/myair_patient_v1.0.1/stream/2020-12-06T07:03:05.495,2023-06-12T12:06:44.000Z,30431181100000000026966778665,413,NEW_AND_OLD_IMAGES,N,"","",2023-06-12T11:30:42.332Z,2023-06-12T17:31:24.441Z,"",5,N
00uhdtmtv4WYdSYQ8297,SLEEP_RECORD#2023-06-04,3.47,23223801940,2023-06-04T00:00:00.000Z,AutoSet,45,5,0,5,35,1,0.5,67.2,73.2,82.8,2024-06-08T00:00:00.000Z,920b69872b8a66505f738c06307717cb,INSERT,1.1,aws:dynamodb,us-west-2,arn:aws:dynamodb:us-west-2:726255829065:table/myair_patient_v1.0.1/stream/2020-12-06T07:03:05.495,2023-06-08T23:18:53.000Z,30268585600000000039983073724,413,NEW_AND_OLD_IMAGES,N,"","",2023-06-08T23:30:43.342Z,2023-06-08T23:30:43.342Z,"",5,N
00uhdtmtv4WYdSYQ8297,SLEEP_RECORD#2023-06-16,5.55,23223801940,2023-06-16T00:00:00.000Z,AutoSet,66,5,0,5,56,1,4.5,60.0,64.8,81.6,2024-06-20T00:00:00.000Z,ba5306eb33e6ba8140316b99c24be5af,INSERT,1.1,aws:dynamodb,us-west-2,arn:aws:dynamodb:us-west-2:726255829065:table/myair_patient_v1.0.1/stream/2020-12-06T07:03:05.495,2023-06-17T13:10:46.000Z,30693724300000000040890148844,413,NEW_AND_OLD_IMAGES,N,"","",2023-06-17T08:30:45.284Z,2023-06-17T08:30:45.284Z,"",5,N
00uhdtmtv4WYdSYQ8297,SLEEP_RECORD#2023-03-26,2.22,23223801940,2023-03-26T00:00:00.000Z,AutoSet,32,5,0,5,22,1,0.0,36.0,43.2,57.6,2024-03-30T00:00:00.000Z,f5fd8a1f0b8b1d94ab4d45e3444c1bd3,INSERT,1.1,aws:dynamodb,us-west-2,arn:aws:dynamodb:us-west-2:726255829065:table/myair_patient_v1.0.1/stream/2020-12-06T07:03:05.495,2023-03-27T09:39:26.000Z,27368397000000000035423078844,411,NEW_AND_OLD_IMAGES,N,"","",2023-03-27T11:30:31.164Z,2023-03-27T11:30:31.164Z,"",5,N
00uhdtmtv4WYdSYQ8297,SLEEP_RECORD#2023-06-07,1.58,23223801940,2023-06-07T00:00:00.000Z,AutoSet,26,5,0,5,16,1,0.0,76.8,79.2,90.0,2024-06-11T00:00:00.000Z,d001270ed24445358d995dda2edf53f1,INSERT,1.1,aws:dynamodb,us-west-2,arn:aws:dynamodb:us-west-2:726255829065:table/myair_patient_v1.0.1/stream/2020-12-06T07:03:05.495,2023-06-09T13:01:41.000Z,30285861600000000049947951381,411,NEW_AND_OLD_IMAGES,N,"","",2023-06-09T17:31:21.876Z,2023-06-09T17:31:21.876Z,"",5,N
00uhdtmtv4WYdSYQ8297,SLEEP_RECORD#2023-03-10,3.32,23223801940,2023-03-10T00:00:00.000Z,AutoSet,49,5,6,5,33,1,0.9,30.0,36.0,43.2,2024-03-14T00:00:00.000Z,d233dab80936317c20dfc065b50514a6,INSERT,1.1,aws:dynamodb,us-west-2,arn:aws:dynamodb:us-west-2:726255829065:table/myair_patient_v1.0.1/stream/2020-12-06T07:03:05.495,2023-03-11T09:41:48.000Z,26735462900000000032327416847,412,NEW_AND_OLD_IMAGES,N,"","",2023-03-11T10:30:36.405Z,2023-03-11T10:30:36.405Z,"",5,N
00uhdtmtv4WYdSYQ8297,SLEEP_RECORD#2023-04-08,5.6,23223801940,2023-04-08T00:00:00.000Z,AutoSet,66,5,0,5,56,1,1.9,55.2,61.2,85.2,2024-04-12T00:00:00.000Z,379a7e0248a615c1eda75ff669ebb11e,INSERT,1.1,aws:dynamodb,us-west-2,arn:aws:dynamodb:us-west-2:726255829065:table/myair_patient_v1.0.1/stream/2020-12-06T07:03:05.495,2023-04-09T15:06:09.000Z,27900158400000000038854511408,413,NEW_AND_OLD_IMAGES,N,"","",2023-04-09T17:31:34.014Z,2023-04-09T17:31:34.014Z,"",5,N
00uhdtmtv4WYdSYQ8297,SLEEP_RECORD#2023-06-05,0.82,23223801940,2023-06-05T00:00:00.000Z,AutoSet,18,5,0,5,8,2,0.0,51.6,52.8,58.8,2024-06-09T00:00:00.000Z,869758d92b88306b07eb50e398b0d834,INSERT,1.1,aws:dynamodb,us-west-2,arn:aws:dynamodb:us-west-2:726255829065:table/myair_patient_v1.0.1/stream/2020-12-06T07:03:05.495,2023-06-08T23:18:38.000Z,30268576600000000039983058591,411,NEW_AND_OLD_IMAGES,N,"","",2023-06-08T23:30:43.342Z,2023-06-08T23:30:43.342Z,"",5,N
00uhdtmtv4WYdSYQ8297,SLEEP_RECORD#2023-05-09,4.82,23223801940,2023-05-09T00:00:00.000Z,AutoSet,58,5,0,5,48,2,4.3,43.2,46.8,57.6,2024-05-13T00:00:00.000Z,e94e578506bd12b75f029cddc6a7119d,MODIFY,1.1,aws:dynamodb,us-west-2,arn:aws:dynamodb:us-west-2:726255829065:table/myair_patient_v1.0.1/stream/2020-12-06T07:03:05.495,2023-05-10T14:51:21.000Z,29130262700000000041524045993,764,NEW_AND_OLD_IMAGES,N,"","",2023-05-10T11:30:55.848Z,2023-05-10T17:33:08.462Z,"",5,N
00uhdtmtv4WYdSYQ8297,SLEEP_RECORD#2023-03-04,4.5,23223801940,2023-03-04T00:00:00.000Z,AutoSet,63,5,8,5,45,1,2.6,27.6,33.6,39.6,2024-03-08T00:00:00.000Z,fff20f0b49a67aa207a7c53014d30f3e,INSERT,1.1,aws:dynamodb,us-west-2,arn:aws:dynamodb:us-west-2:726255829065:table/myair_patient_v1.0.1/stream/2020-12-06T07:03:05.495,2023-03-05T17:41:11.000Z,26521325200000000033513686625,415,NEW_AND_OLD_IMAGES,N,"","",2023-03-05T16:30:33.008Z,2023-03-05T16:30:33.008Z,"",5,N
00uhdtmtv4WYdSYQ8297,SLEEP_RECORD#2023-04-04,3.13,23223801940,2023-04-04T00:00:00.000Z,AutoSet,43,4,3,5,31,2,6.7,37.2,42.0,49.2,2024-04-08T00:00:00.000Z,73118adf2262e71d68a1b87d2775de99,MODIFY,1.1,aws:dynamodb,us-west-2,arn:aws:dynamodb:us-west-2:726255829065:table/myair_patient_v1.0.1/stream/2020-12-06T07:03:05.495,2023-04-05T09:43:56.000Z,27727511300000000004165212519,764,NEW_AND_OLD_IMAGES,N,"","",2023-04-04T23:30:38.220Z,2023-04-05T11:30:27.961Z,"",5,N
00uhdtmtv4WYdSYQ8297,SLEEP_RECORD#2023-06-03,0.0,23223801940,2023-06-03T00:00:00.000Z,"",20,0,20,0,0,0,"","","","",2024-06-07T00:00:00.000Z,40fa218d9613baa08c32352601796b8c,INSERT,1.1,aws:dynamodb,us-west-2,arn:aws:dynamodb:us-west-2:726255829065:table/myair_patient_v1.0.1/stream/2020-12-06T07:03:05.495,2023-06-08T23:18:40.000Z,30268579600000000039983060311,324,NEW_AND_OLD_IMAGES,N,"","",2023-06-08T23:30:43.342Z,2023-06-08T23:30:43.342Z,"",5,N
00uhdtmtv4WYdSYQ8297,SLEEP_RECORD#2023-03-24,5.37,23223801940,2023-03-24T00:00:00.000Z,AutoSet,72,5,9,4,54,3,1.6,28.8,33.6,38.4,2024-03-28T00:00:00.000Z,075284d0fb35c6233fbbea41fdf23f22,MODIFY,1.1,aws:dynamodb,us-west-2,arn:aws:dynamodb:us-west-2:726255829065:table/myair_patient_v1.0.1/stream/2020-12-06T07:03:05.495,2023-03-25T12:35:22.000Z,27292170700000000003396916968,768,NEW_AND_OLD_IMAGES,N,"","",2023-03-24T23:30:43.061Z,2023-03-25T17:30:52.719Z,"",5,N
00uhdtmtv4WYdSYQ8297,SLEEP_RECORD#2023-06-12,3.1,23223801940,2023-06-12T00:00:00.000Z,AutoSet,41,5,0,5,31,1,0.3,57.6,66.0,84.0,2024-06-16T00:00:00.000Z,2cd3c1a8448fd3adcdac028c88fd7203,INSERT,1.1,aws:dynamodb,us-west-2,arn:aws:dynamodb:us-west-2:726255829065:table/myair_patient_v1.0.1/stream/2020-12-06T07:03:05.495,2023-06-13T09:38:45.000Z,30468382500000000040659822546,411,NEW_AND_OLD_IMAGES,N,"","",2023-06-13T11:30:58.026Z,2023-06-13T11:30:58.026Z,"",5,N
00uhdtmtv4WYdSYQ8297,SLEEP_RECORD#2023-05-11,5.55,23223801940,2023-05-11T00:00:00.000Z,AutoSet,66,5,0,5,56,1,3.9,44.4,48.0,60.0,2024-05-15T00:00:00.000Z,265fb49acd9257cdf1cdcf1036223f20,INSERT,1.1,aws:dynamodb,us-west-2,arn:aws:dynamodb:us-west-2:726255829065:table/myair_patient_v1.0.1/stream/2020-12-06T07:03:05.495,2023-05-12T14:52:44.000Z,29206896800000000009636029942,412,NEW_AND_OLD_IMAGES,N,"","",2023-05-12T17:31:30.222Z,2023-05-12T17:31:30.222Z,"",5,N
00uhdtmtv4WYdSYQ8297,SLEEP_RECORD#2023-03-13,6.05,23223801940,2023-03-13T00:00:00.000Z,AutoSet,71,5,0,5,61,1,4.9,50.4,55.2,66.0,2024-03-17T00:00:00.000Z,9de9e18254b30c5511ad0eebf1a1d0a9,INSERT,1.1,aws:dynamodb,us-west-2,arn:aws:dynamodb:us-west-2:726255829065:table/myair_patient_v1.0.1/stream/2020-12-06T07:03:05.495,2023-03-14T13:02:03.000Z,26863963500000000004700600482,413,NEW_AND_OLD_IMAGES,N,"","",2023-03-14T17:30:37.111Z,2023-03-14T17:30:37.111Z,"",5,N
00uhdtmtv4WYdSYQ8297,SLEEP_RECORD#2023-03-21,2.73,23223801940,2023-03-21T00:00:00.000Z,AutoSet,43,5,6,5,27,1,0.0,34.8,39.6,43.2,2024-03-25T00:00:00.000Z,f3027a65e80bc24c2878c4b85b028d68,INSERT,1.1,aws:dynamodb,us-west-2,arn:aws:dynamodb:us-west-2:726255829065:table/myair_patient_v1.0.1/stream/2020-12-06T07:03:05.495,2023-03-22T09:40:13.000Z,27168388100000000005613056657,413,NEW_AND_OLD_IMAGES,N,"","",2023-03-22T11:30:33.060Z,2023-03-22T11:30:33.060Z,"",5,N
00uhdtmtv4WYdSYQ8297,SLEEP_RECORD#2023-05-17,5.43,23223801940,2023-05-17T00:00:00.000Z,AutoSet,64,5,0,5,54,1,2.2,43.2,49.2,60.0,2024-05-21T00:00:00.000Z,50f81782b63792f3a76dac558f44c96d,INSERT,1.1,aws:dynamodb,us-west-2,arn:aws:dynamodb:us-west-2:726255829065:table/myair_patient_v1.0.1/stream/2020-12-06T07:03:05.495,2023-05-18T16:01:53.000Z,29449848000000000007776312677,413,NEW_AND_OLD_IMAGES,N,"","",2023-05-18T17:31:36.659Z,2023-05-18T17:31:36.659Z,"",5,N
00uhdtmtv4WYdSYQ8297,SLEEP_RECORD#2023-05-21,1.07,23223801940,2023-05-21T00:00:00.000Z,AutoSet,21,5,0,5,11,1,0.0,54.0,60.0,62.4,2024-05-25T00:00:00.000Z,572a8ca08a02f9ae9cfeebc65017dc0d,INSERT,1.1,aws:dynamodb,us-west-2,arn:aws:dynamodb:us-west-2:726255829065:table/myair_patient_v1.0.1/stream/2020-12-06T07:03:05.495,2023-05-22T07:06:06.000Z,29587371200000000009936346684,410,NEW_AND_OLD_IMAGES,N,"","",2023-05-22T11:30:40.868Z,2023-05-22T11:30:40.868Z,"",5,N
00uhdtmtv4WYdSYQ8297,SLEEP_RECORD#2023-04-30,5.05,23223801940,2023-04-30T00:00:00.000Z,AutoSet,61,5,0,5,51,1,4.9,48.0,52.8,62.4,2024-05-04T00:00:00.000Z,801b6ba800f1f83e45ebed2643b79cca,INSERT,1.1,aws:dynamodb,us-west-2,arn:aws:dynamodb:us-west-2:726255829065:table/myair_patient_v1.0.1/stream/2020-12-06T07:03:05.495,2023-05-01T13:58:21.000Z,28771887600000000011731067048,413,NEW_AND_OLD_IMAGES,N,"","",2023-05-01T17:31:15.667Z,2023-05-01T17:31:15.667Z,"",5,N
00uhdtmtv4WYdSYQ8297,SLEEP_RECORD#2023-04-01,5.78,23223801940,2023-04-01T00:00:00.000Z,AutoSet,68,5,0,5,58,2,5.0,50.4,54.0,60.0,2024-04-05T00:00:00.000Z,c8bc47ef8fb5f8265fe67ba723e7516e,MODIFY,1.1,aws:dynamodb,us-west-2,arn:aws:dynamodb:us-west-2:726255829065:table/myair_patient_v1.0.1/stream/2020-12-06T07:03:05.495,2023-04-02T16:32:41.000Z,27625993400000000003992371884,762,NEW_AND_OLD_IMAGES,N,"","",2023-04-02T17:30:54.020Z,2023-04-02T17:30:54.020Z,"",5,N
00uhdtmtv4WYdSYQ8297,SLEEP_RECORD#2023-03-02,7.22,23223801940,2023-03-02T00:00:00.000Z,AutoSet,90,5,10,5,70,1,1.6,30.0,32.4,36.0,2024-03-06T00:00:00.000Z,623759161617cb02939db3d9bb95c32f,INSERT,1.1,aws:dynamodb,us-west-2,arn:aws:dynamodb:us-west-2:726255829065:table/myair_patient_v1.0.1/stream/2020-12-06T07:03:05.495,2023-03-03T17:44:17.000Z,26444403800000000035586672505,413,NEW_AND_OLD_IMAGES,N,"","",2023-03-03T16:30:34.756Z,2023-03-03T16:30:34.756Z,"",5,N
00uhdtmtv4WYdSYQ8297,SLEEP_RECORD#2023-06-06,6.72,23223801940,2023-06-06T00:00:00.000Z,AutoSet,77,5,0,5,67,1,1.0,43.2,51.6,75.6,2024-06-10T00:00:00.000Z,2f71016d02ff6bcfa8837ac904bd7b8b,INSERT,1.1,aws:dynamodb,us-west-2,arn:aws:dynamodb:us-west-2:726255829065:table/myair_patient_v1.0.1/stream/2020-12-06T07:03:05.495,2023-06-08T23:18:52.000Z,30268584000000000039983073044,413,NEW_AND_OLD_IMAGES,N,"","",2023-06-08T23:30:43.342Z,2023-06-08T23:30:43.342Z,"",5,N
00uhdtmtv4WYdSYQ8297,SLEEP_RECORD#2023-05-05,4.0,23223801940,2023-05-05T00:00:00.000Z,AutoSet,50,5,0,5,40,1,2.2,44.4,56.4,61.2,2024-05-09T00:00:00.000Z,8eca34c4814e03d9c2cd0562383f1e7d,INSERT,1.1,aws:dynamodb,us-west-2,arn:aws:dynamodb:us-west-2:726255829065:table/myair_patient_v1.0.1/stream/2020-12-06T07:03:05.495,2023-05-06T12:32:47.000Z,28963392200000000043747702059,413,NEW_AND_OLD_IMAGES,N,"","",2023-05-06T17:33:29.382Z,2023-05-06T17:33:29.382Z,"",5,N
00uhdtmtv4WYdSYQ8297,SLEEP_RECORD#2023-03-23,2.18,23223801940,2023-03-23T00:00:00.000Z,AutoSet,41,5,9,5,22,2,0.9,33.6,36.0,38.4,2024-03-27T00:00:00.000Z,6ae4736c4c39b45b3144fc04726dd3dd,MODIFY,1.1,aws:dynamodb,us-west-2,arn:aws:dynamodb:us-west-2:726255829065:table/myair_patient_v1.0.1/stream/2020-12-06T07:03:05.495,2023-03-24T09:21:20.000Z,27246931200000000005722661713,766,NEW_AND_OLD_IMAGES,N,"","",2023-03-24T05:30:38.215Z,2023-03-24T11:30:32.857Z,"",5,N
00uhdtmtv4WYdSYQ8297,SLEEP_RECORD#2023-03-11,0.0,23223801940,2023-03-11T00:00:00.000Z,"",20,0,20,0,0,0,"","","","",2024-03-15T00:00:00.000Z,802343438a22edec3b3c8f26ea4ee6ee,INSERT,1.1,aws:dynamodb,us-west-2,arn:aws:dynamodb:us-west-2:726255829065:table/myair_patient_v1.0.1/stream/2020-12-06T07:03:05.495,2023-03-12T19:00:13.000Z,26797021400000000004488936375,324,NEW_AND_OLD_IMAGES,N,"","",2023-03-12T23:30:25.934Z,2023-03-12T23:30:25.934Z,"",5,N
00uhdtmtv4WYdSYQ8297,SLEEP_RECORD#2023-02-27,5.58,23223801940,2023-02-27T00:00:00.000Z,AutoSet,64,3,0,5,56,2,11.1,36.0,40.8,66.0,2024-03-03T00:00:00.000Z,a8914a79f2c6156d59b94af149ea3feb,MODIFY,1.1,aws:dynamodb,us-west-2,arn:aws:dynamodb:us-west-2:726255829065:table/myair_patient_v1.0.1/stream/2020-12-06T07:03:05.495,2023-02-28T16:24:30.000Z,26325580200000000001432085863,766,NEW_AND_OLD_IMAGES,N,"","",2023-02-28T10:30:17.096Z,2023-02-28T16:30:46.765Z,"",5,N
00uhdtmtv4WYdSYQ8297,SLEEP_RECORD#2023-05-31,4.88,23223801940,2023-05-31T00:00:00.000Z,AutoSet,59,5,0,5,49,1,6.1,61.2,68.4,79.2,2024-06-04T00:00:00.000Z,bd2542c7557037a810b5ef1d67ad1ca1,INSERT,1.1,aws:dynamodb,us-west-2,arn:aws:dynamodb:us-west-2:726255829065:table/myair_patient_v1.0.1/stream/2020-12-06T07:03:05.495,2023-06-01T14:49:39.000Z,30015656100000000044018127244,414,NEW_AND_OLD_IMAGES,N,"","",2023-06-05T12:44:26.463Z,2023-06-05T12:44:26.463Z,"",5,N
00uhdtmtv4WYdSYQ8297,SLEEP_RECORD#2023-04-10,1.03,23223801940,2023-04-10T00:00:00.000Z,AutoSet,21,5,1,5,10,1,0.9,45.6,48.0,52.8,2024-04-14T00:00:00.000Z,9502c6694c480e1c10da56b011d09d4c,INSERT,1.1,aws:dynamodb,us-west-2,arn:aws:dynamodb:us-west-2:726255829065:table/myair_patient_v1.0.1/stream/2020-12-06T07:03:05.495,2023-04-11T08:58:29.000Z,27964672800000000004710090817,413,NEW_AND_OLD_IMAGES,N,"","",2023-04-11T11:31:00.011Z,2023-04-11T11:31:00.011Z,"",5,N
00uhdtmtv4WYdSYQ8297,SLEEP_RECORD#2023-05-22,3.65,23223801940,2023-05-22T00:00:00.000Z,AutoSet,47,5,0,5,37,1,1.9,46.8,50.4,58.8,2024-05-26T00:00:00.000Z,7afaefe2f145c14136a806e5cbd11506,INSERT,1.1,aws:dynamodb,us-west-2,arn:aws:dynamodb:us-west-2:726255829065:table/myair_patient_v1.0.1/stream/2020-12-06T07:03:05.495,2023-05-23T11:14:16.000Z,29636126100000000010859045020,414,NEW_AND_OLD_IMAGES,N,"","",2023-05-23T11:30:45.508Z,2023-05-23T11:30:45.508Z,"",5,N
00uhdtmtv4WYdSYQ8297,SLEEP_RECORD#2023-03-30,0.78,23223801940,2023-03-30T00:00:00.000Z,AutoSet,19,5,1,5,8,1,1.2,43.2,48.0,52.8,2024-04-03T00:00:00.000Z,e728263f84a770d4ffd21f77a0ca1e44,INSERT,1.1,aws:dynamodb,us-west-2,arn:aws:dynamodb:us-west-2:726255829065:table/myair_patient_v1.0.1/stream/2020-12-06T07:03:05.495,2023-03-31T08:03:45.000Z,27526886200000000040889284107,413,NEW_AND_OLD_IMAGES,N,"","",2023-03-31T11:30:34.850Z,2023-03-31T11:30:34.850Z,"",5,N
00uhdtmtv4WYdSYQ8297,SLEEP_RECORD#2023-03-25,4.85,23223801940,2023-03-25T00:00:00.000Z,AutoSet,68,5,9,5,49,2,1.4,31.2,33.6,38.4,2024-03-29T00:00:00.000Z,e19ce1e09e24677a8ee0800d512589e0,INSERT,1.1,aws:dynamodb,us-west-2,arn:aws:dynamodb:us-west-2:726255829065:table/myair_patient_v1.0.1/stream/2020-12-06T07:03:05.495,2023-03-26T16:15:26.000Z,27344068400000000008267495736,415,NEW_AND_OLD_IMAGES,N,"","",2023-03-26T17:31:01.677Z,2023-03-26T17:31:01.677Z,"",5,N
00uhdtmtv4WYdSYQ8297,SLEEP_RECORD#2023-05-04,2.27,23223801940,2023-05-04T00:00:00.000Z,AutoSet,33,5,0,5,23,1,1.3,37.2,43.2,60.0,2024-05-08T00:00:00.000Z,5356d3b420e4bd40813ca93c707984e7,INSERT,1.1,aws:dynamodb,us-west-2,arn:aws:dynamodb:us-west-2:726255829065:table/myair_patient_v1.0.1/stream/2020-12-06T07:03:05.495,2023-05-05T09:03:24.000Z,28914800000000000042353260703,413,NEW_AND_OLD_IMAGES,N,"","",2023-05-05T11:31:11.180Z,2023-05-05T11:31:11.180Z,"",5,N
00uhdtmtv4WYdSYQ8297,SLEEP_RECORD#2023-05-14,5.75,23223801940,2023-05-14T00:00:00.000Z,AutoSet,68,5,0,5,58,1,1.2,52.8,61.2,69.6,2024-05-18T00:00:00.000Z,aa3f9898bd7cadc8f4d96bc288851929,INSERT,1.1,aws:dynamodb,us-west-2,arn:aws:dynamodb:us-west-2:726255829065:table/myair_patient_v1.0.1/stream/2020-12-06T07:03:05.495,2023-05-15T16:18:57.000Z,29330521300000000009480829632,414,NEW_AND_OLD_IMAGES,N,"","",2023-05-15T17:30:48.198Z,2023-05-15T17:30:48.198Z,"",5,N
00uhdtmtv4WYdSYQ8297,SLEEP_RECORD#2023-05-02,5.77,23223801940,2023-05-02T00:00:00.000Z,AutoSet,69,5,1,5,58,1,1.2,44.4,49.2,54.0,2024-05-06T00:00:00.000Z,e0455e4743059d13eef81a8e0edab449,INSERT,1.1,aws:dynamodb,us-west-2,arn:aws:dynamodb:us-west-2:726255829065:table/myair_patient_v1.0.1/stream/2020-12-06T07:03:05.495,2023-05-03T15:40:23.000Z,28854838100000000036504325507,414,NEW_AND_OLD_IMAGES,N,"","",2023-05-03T17:38:17.654Z,2023-05-03T17:38:17.654Z,"",5,N
00uhdtmtv4WYdSYQ8297,SLEEP_RECORD#2023-05-28,5.37,23223801940,2023-05-28T00:00:00.000Z,AutoSet,64,5,0,5,54,1,1.6,43.2,50.4,56.4,2024-06-01T00:00:00.000Z,9f23a6890b1f231111d2b9514673dff3,INSERT,1.1,aws:dynamodb,us-west-2,arn:aws:dynamodb:us-west-2:726255829065:table/myair_patient_v1.0.1/stream/2020-12-06T07:03:05.495,2023-05-29T16:09:06.000Z,29896695300000000040719416524,413,NEW_AND_OLD_IMAGES,N,"","",2023-05-29T17:32:08.783Z,2023-05-29T17:32:08.783Z,"",5,N
00uhdtmtv4WYdSYQ8297,SLEEP_RECORD#2023-03-03,3.73,23223801940,2023-03-03T00:00:00.000Z,AutoSet,56,5,9,5,37,1,0.5,20.4,31.2,38.4,2024-03-07T00:00:00.000Z,2da2fcd71ecd1655e49a893373e3ea49,INSERT,1.1,aws:dynamodb,us-west-2,arn:aws:dynamodb:us-west-2:726255829065:table/myair_patient_v1.0.1/stream/2020-12-06T07:03:05.495,2023-03-04T17:08:26.000Z,26482478200000000019335685996,414,NEW_AND_OLD_IMAGES,N,"","",2023-03-04T16:30:32.724Z,2023-03-04T16:30:32.724Z,"",5,N
00uhdtmtv4WYdSYQ8297,SLEEP_RECORD#2023-04-07,4.63,23223801940,2023-04-07T00:00:00.000Z,AutoSet,58,5,2,5,46,1,0.6,37.2,39.6,50.4,2024-04-11T00:00:00.000Z,84c01a1d4202280e09faa51a2e0dc536,INSERT,1.1,aws:dynamodb,us-west-2,arn:aws:dynamodb:us-west-2:726255829065:table/myair_patient_v1.0.1/stream/2020-12-06T07:03:05.495,2023-04-08T12:02:55.000Z,27851228700000000006295255646,414,NEW_AND_OLD_IMAGES,N,"","",2023-04-08T11:30:49.342Z,2023-04-08T17:31:20.926Z,"",5,N
00uhdtmtv4WYdSYQ8297,SLEEP_RECORD#2023-06-08,0.68,23223801940,2023-06-08T00:00:00.000Z,AutoSet,17,5,0,5,7,1,0.0,103.2,104.4,108.0,2024-06-12T00:00:00.000Z,f41b6fb4af4002f3cf7699fefda4b144,INSERT,1.1,aws:dynamodb,us-west-2,arn:aws:dynamodb:us-west-2:726255829065:table/myair_patient_v1.0.1/stream/2020-12-06T07:03:05.495,2023-06-12T00:27:30.000Z,30403236200000000044852408136,413,NEW_AND_OLD_IMAGES,N,"","",2023-06-11T23:30:53.159Z,2023-06-12T05:30:43.455Z,"",5,N
00uhdtmtv4WYdSYQ8297,SLEEP_RECORD#2023-04-09,2.65,23223801940,2023-04-09T00:00:00.000Z,AutoSet,37,5,0,5,27,1,0.0,56.4,60.0,66.0,2024-04-13T00:00:00.000Z,046839d32ddafad6e8a79eb96437a1e2,INSERT,1.1,aws:dynamodb,us-west-2,arn:aws:dynamodb:us-west-2:726255829065:table/myair_patient_v1.0.1/stream/2020-12-06T07:03:05.495,2023-04-10T10:14:16.000Z,27926222200000000006749787379,410,NEW_AND_OLD_IMAGES,N,"","",2023-04-10T11:30:42.781Z,2023-04-10T11:30:42.781Z,"",5,N
00uhdtmtv4WYdSYQ8297,SLEEP_RECORD#2023-05-19,4.98,23223801940,2023-05-19T00:00:00.000Z,AutoSet,60,5,0,5,50,1,1.8,52.8,58.8,66.0,2024-05-23T00:00:00.000Z,3b4ac410c3e581948173fe71acb9fe9b,INSERT,1.1,aws:dynamodb,us-west-2,arn:aws:dynamodb:us-west-2:726255829065:table/myair_patient_v1.0.1/stream/2020-12-06T07:03:05.495,2023-05-20T17:17:57.000Z,29529802800000000041781732618,413,NEW_AND_OLD_IMAGES,N,"","",2023-05-20T17:32:10.823Z,2023-05-20T17:32:10.823Z,"",5,N
00uhdtmtv4WYdSYQ8297,SLEEP_RECORD#2023-04-22,1.02,23223801940,2023-04-22T00:00:00.000Z,AutoSet,24,5,4,5,10,1,0.9,40.8,44.4,46.8,2024-04-26T00:00:00.000Z,5871b7c18285b1c0908d7a552d393669,INSERT,1.1,aws:dynamodb,us-west-2,arn:aws:dynamodb:us-west-2:726255829065:table/myair_patient_v1.0.1/stream/2020-12-06T07:03:05.495,2023-04-23T09:08:37.000Z,28436923200000000039457895763,414,NEW_AND_OLD_IMAGES,N,"","",2023-04-23T11:30:31.472Z,2023-04-23T11:30:31.472Z,"",5,N
00uhdtmtv4WYdSYQ8297,SLEEP_RECORD#2023-06-17,3.2,23223801940,2023-06-17T00:00:00.000Z,AutoSet,42,5,0,5,32,1,0.6,70.8,79.2,85.2,2024-06-21T00:00:00.000Z,352ad27e9e7cacfc4aac0e206c71bf35,INSERT,1.1,aws:dynamodb,us-west-2,arn:aws:dynamodb:us-west-2:726255829065:table/myair_patient_v1.0.1/stream/2020-12-06T07:03:05.495,2023-06-18T13:40:32.000Z,30749398500000000015963355566,413,NEW_AND_OLD_IMAGES,N,"","",2023-06-18T08:30:43.281Z,2023-06-18T09:30:42.360Z,"",5,N
00uhdtmtv4WYdSYQ8297,SLEEP_RECORD#2023-04-03,2.72,23223801940,2023-04-03T00:00:00.000Z,AutoSet,37,5,0,5,27,2,0.7,49.2,51.6,55.2,2024-04-07T00:00:00.000Z,583cc80b15d6eba55fea3564c17f3394,MODIFY,1.1,aws:dynamodb,us-west-2,arn:aws:dynamodb:us-west-2:726255829065:table/myair_patient_v1.0.1/stream/2020-12-06T07:03:05.495,2023-04-04T15:19:58.000Z,27702989300000000004361609732,764,NEW_AND_OLD_IMAGES,N,"","",2023-04-04T11:30:30.136Z,2023-04-04T17:31:03.031Z,"",5,N
00uhdtmtv4WYdSYQ8297,SLEEP_RECORD#2023-03-20,6.32,23223801940,2023-03-20T00:00:00.000Z,AutoSet,75,5,2,5,63,2,6.3,40.8,45.6,51.6,2024-03-24T00:00:00.000Z,15e52249975e2ef93bc439447b27450c,MODIFY,1.1,aws:dynamodb,us-west-2,arn:aws:dynamodb:us-west-2:726255829065:table/myair_patient_v1.0.1/stream/2020-12-06T07:03:05.495,2023-03-21T15:00:10.000Z,27143411600000000019412411718,769,NEW_AND_OLD_IMAGES,N,"","",2023-03-21T11:30:47.549Z,2023-03-21T17:30:34.346Z,"",5,N
00uhdtmtv4WYdSYQ8297,SLEEP_RECORD#2023-04-19,7.33,23223801940,2023-04-19T00:00:00.000Z,AutoSet,80,5,0,5,70,2,2.1,48.0,54.0,68.4,2024-04-23T00:00:00.000Z,172c9cca4086644fb66fcd3dc01aa5d0,MODIFY,1.1,aws:dynamodb,us-west-2,arn:aws:dynamodb:us-west-2:726255829065:table/myair_patient_v1.0.1/stream/2020-12-06T07:03:05.495,2023-04-20T16:51:05.000Z,28338304200000000021965096074,765,NEW_AND_OLD_IMAGES,N,"","",2023-04-20T17:30:27.650Z,2023-04-20T17:30:27.650Z,"",5,N
00uhdtmtv4WYdSYQ8297,SLEEP_RECORD#2023-02-24,7.52,23223801940,2023-02-24T00:00:00.000Z,AutoSet,79,5,0,4,70,3,3.7,45.6,50.4,67.2,2024-02-29T00:00:00.000Z,bb327e5e3cdab6e5342f4ff9d3ee0fb7,MODIFY,1.1,aws:dynamodb,us-west-2,arn:aws:dynamodb:us-west-2:726255829065:table/myair_patient_v1.0.1/stream/2020-12-06T07:03:05.495,2023-02-25T19:53:25.000Z,26216762600000000001300242604,767,NEW_AND_OLD_IMAGES,N,"","",2023-02-25T04:30:24.639Z,2023-02-25T22:30:26.354Z,"",5,N
00uhdtmtv4WYdSYQ8297,SLEEP_RECORD#2023-03-17,6.08,23223801940,2023-03-17T00:00:00.000Z,AutoSet,73,5,2,5,61,1,2.7,40.8,44.4,50.4,2024-03-21T00:00:00.000Z,a5417ad627f9e8b98dd29a210f332035,INSERT,1.1,aws:dynamodb,us-west-2,arn:aws:dynamodb:us-west-2:726255829065:table/myair_patient_v1.0.1/stream/2020-12-06T07:03:05.495,2023-03-18T14:18:59.000Z,27020608600000000033445850934,415,NEW_AND_OLD_IMAGES,N,"","",2023-03-18T17:30:58.075Z,2023-03-18T17:30:58.075Z,"",5,N
00uhdtmtv4WYdSYQ8297,SLEEP_RECORD#2023-04-18,2.28,23223801940,2023-04-18T00:00:00.000Z,AutoSet,34,5,1,5,23,2,0.4,45.6,48.0,52.8,2024-04-22T00:00:00.000Z,fb9e3ec483e5e07d1ca9f67584cb2776,MODIFY,1.1,aws:dynamodb,us-west-2,arn:aws:dynamodb:us-west-2:726255829065:table/myair_patient_v1.0.1/stream/2020-12-06T07:03:05.495,2023-04-19T08:41:02.000Z,28280264800000000005913821376,765,NEW_AND_OLD_IMAGES,N,"","",2023-04-18T23:31:04.849Z,2023-04-19T11:31:05.806Z,"",5,N
00uhdtmtv4WYdSYQ8297,SLEEP_RECORD#2023-04-15,3.57,23223801940,2023-04-15T00:00:00.000Z,AutoSet,46,5,0,5,36,1,1.6,58.8,66.0,72.0,2024-04-19T00:00:00.000Z,28777b48fa9f4a7326f6421ba4ef0391,INSERT,1.1,aws:dynamodb,us-west-2,arn:aws:dynamodb:us-west-2:726255829065:table/myair_patient_v1.0.1/stream/2020-12-06T07:03:05.495,2023-04-16T13:23:06.000Z,28171338900000000007066570486,412,NEW_AND_OLD_IMAGES,N,"","",2023-04-16T17:30:59.364Z,2023-04-16T17:30:59.364Z,"",5,N
00uhdtmtv4WYdSYQ8297,SLEEP_RECORD#2023-03-29,4.37,23223801940,2023-03-29T00:00:00.000Z,AutoSet,54,5,0,5,44,1,0.9,60.0,62.4,67.2,2024-04-02T00:00:00.000Z,8ba622f6e05827daf73a488cea3f280e,INSERT,1.1,aws:dynamodb,us-west-2,arn:aws:dynamodb:us-west-2:726255829065:table/myair_patient_v1.0.1/stream/2020-12-06T07:03:05.495,2023-03-30T11:36:44.000Z,27496183200000000005774308403,412,NEW_AND_OLD_IMAGES,N,"","",2023-03-30T11:30:37.650Z,2023-03-30T17:31:15.005Z,"",5,N
00uhdtmtv4WYdSYQ8297,SLEEP_RECORD#2023-05-30,6.35,23223801940,2023-05-30T00:00:00.000Z,AutoSet,74,5,0,5,64,1,2.2,61.2,68.4,81.6,2024-06-03T00:00:00.000Z,9f41a621b5ad61167bb88163794edff6,INSERT,1.1,aws:dynamodb,us-west-2,arn:aws:dynamodb:us-west-2:726255829065:table/myair_patient_v1.0.1/stream/2020-12-06T07:03:05.495,2023-05-31T16:18:00.000Z,29979207400000000039565195186,414,NEW_AND_OLD_IMAGES,N,"","",2023-05-31T17:31:23.677Z,2023-05-31T17:31:23.677Z,"",5,N
00uhdtmtv4WYdSYQ8297,SLEEP_RECORD#2023-06-22,6.32,23223801940,2023-06-22T00:00:00.000Z,AutoSet,73,5,0,5,63,1,0.3,61.2,74.4,87.6,2024-06-26T00:00:00.000Z,4f48f1b0174142c9ae09f5844ec41dca,INSERT,1.1,aws:dynamodb,us-west-2,arn:aws:dynamodb:us-west-2:726255829065:table/myair_patient_v1.0.1/stream/2020-12-06T07:03:05.495,2023-06-23T13:06:49.000Z,30990488100000000046925864307,412,NEW_AND_OLD_IMAGES,N,"","",2023-06-23T07:30:38.965Z,2023-06-23T08:30:39.276Z,"",5,N
00uhdtmtv4WYdSYQ8297,SLEEP_RECORD#2023-05-08,2.15,23223801940,2023-05-08T00:00:00.000Z,AutoSet,32,5,0,5,22,1,6.0,38.4,42.0,56.4,2024-05-12T00:00:00.000Z,60edc7344a06b619c14e2ccfa569dac3,INSERT,1.1,aws:dynamodb,us-west-2,arn:aws:dynamodb:us-west-2:726255829065:table/myair_patient_v1.0.1/stream/2020-12-06T07:03:05.495,2023-05-09T09:26:54.000Z,29074887300000000045035011557,412,NEW_AND_OLD_IMAGES,N,"","",2023-05-09T11:30:38.637Z,2023-05-09T11:30:38.637Z,"",5,N
00uhdtmtv4WYdSYQ8297,SLEEP_RECORD#2023-05-12,2.42,23223801940,2023-05-12T00:00:00.000Z,AutoSet,36,5,2,5,24,1,6.2,39.6,43.2,50.4,2024-05-16T00:00:00.000Z,536dac836c724a547e2c025de3a4d1c6,INSERT,1.1,aws:dynamodb,us-west-2,arn:aws:dynamodb:us-west-2:726255829065:table/myair_patient_v1.0.1/stream/2020-12-06T07:03:05.495,2023-05-13T11:37:43.000Z,29237714700000000007117893809,415,NEW_AND_OLD_IMAGES,N,"","",2023-05-13T11:30:31.051Z,2023-05-13T17:31:07.248Z,"",5,N
00uhdtmtv4WYdSYQ8297,SLEEP_RECORD#2023-05-24,1.98,23223801940,2023-05-24T00:00:00.000Z,AutoSet,32,5,4,3,20,4,5.0,34.8,39.6,48.0,2024-05-28T00:00:00.000Z,b9ac02a4aeadd10070d8c911b6f0e638,MODIFY,1.1,aws:dynamodb,us-west-2,arn:aws:dynamodb:us-west-2:726255829065:table/myair_patient_v1.0.1/stream/2020-12-06T07:03:05.495,2023-05-25T19:16:45.000Z,29739255900000000046196946882,766,NEW_AND_OLD_IMAGES,N,"","",2023-05-25T05:30:43.238Z,2023-05-25T23:30:43.674Z,"",5,N
00uhdtmtv4WYdSYQ8297,SLEEP_RECORD#2023-06-09,6.52,23223801940,2023-06-09T00:00:00.000Z,AutoSet,75,5,0,5,65,1,2.3,56.4,61.2,84.0,2024-06-13T00:00:00.000Z,a539eb50c58298d3b1d57fd1e18cdfce,INSERT,1.1,aws:dynamodb,us-west-2,arn:aws:dynamodb:us-west-2:726255829065:table/myair_patient_v1.0.1/stream/2020-12-06T07:03:05.495,2023-06-11T02:04:41.000Z,30350295300000000015313454128,413,NEW_AND_OLD_IMAGES,N,"","",2023-06-11T05:30:54.140Z,2023-06-11T05:30:54.140Z,"",5,N
00uhdtmtv4WYdSYQ8297,SLEEP_RECORD#2023-04-26,6.85,23223801940,2023-04-26T00:00:00.000Z,AutoSet,79,5,0,5,69,2,1.1,44.4,50.4,58.8,2024-04-30T00:00:00.000Z,84c4585aaac4ae2548f60bcbca9e99e0,MODIFY,1.1,aws:dynamodb,us-west-2,arn:aws:dynamodb:us-west-2:726255829065:table/myair_patient_v1.0.1/stream/2020-12-06T07:03:05.495,2023-04-27T16:23:43.000Z,28619218200000000008525258053,765,NEW_AND_OLD_IMAGES,N,"","",2023-04-27T11:30:31.489Z,2023-04-27T17:31:59.213Z,"",5,N
00uhdtmtv4WYdSYQ8297,SLEEP_RECORD#2023-02-28,6.7,23223801940,2023-02-28T00:00:00.000Z,AutoSet,77,5,0,5,67,1,5.5,40.8,49.2,69.6,2024-03-04T00:00:00.000Z,c583b8afa42e5d9cc78d65fc2bd2b224,INSERT,1.1,aws:dynamodb,us-west-2,arn:aws:dynamodb:us-west-2:726255829065:table/myair_patient_v1.0.1/stream/2020-12-06T07:03:05.495,2023-03-01T15:02:05.000Z,26360808100000000031081822405,414,NEW_AND_OLD_IMAGES,N,"","",2023-03-01T16:31:00.872Z,2023-03-01T16:31:00.872Z,"",5,N
00uhdtmtv4WYdSYQ8297,SLEEP_RECORD#2023-02-25,8.13,23223801940,2023-02-25T00:00:00.000Z,AutoSet,80,5,0,5,70,2,2.2,69.6,78.0,106.8,2024-03-01T00:00:00.000Z,25ec0490c14fe04bbc740fd434428d1f,MODIFY,1.1,aws:dynamodb,us-west-2,arn:aws:dynamodb:us-west-2:726255829065:table/myair_patient_v1.0.1/stream/2020-12-06T07:03:05.495,2023-02-26T16:58:13.000Z,26248611600000000033841510158,761,NEW_AND_OLD_IMAGES,N,"","",2023-02-25T22:30:26.354Z,2023-02-26T16:30:35.434Z,"",5,N
00uhdtmtv4WYdSYQ8297,SLEEP_RECORD#2023-04-23,5.1,23223801940,2023-04-23T00:00:00.000Z,AutoSet,61,5,0,5,51,1,1.5,42.0,46.8,61.2,2024-04-27T00:00:00.000Z,cd5b9c9882686525557681a1a3b89ac5,INSERT,1.1,aws:dynamodb,us-west-2,arn:aws:dynamodb:us-west-2:726255829065:table/myair_patient_v1.0.1/stream/2020-12-06T07:03:05.495,2023-04-24T15:12:47.000Z,28493937200000000020846540558,413,NEW_AND_OLD_IMAGES,N,"","",2023-04-24T17:30:33.234Z,2023-04-24T17:30:33.234Z,"",5,N
00uhdtmtv4WYdSYQ8297,SLEEP_RECORD#2023-03-08,2.8,23223801940,2023-03-08T00:00:00.000Z,AutoSet,48,5,10,5,28,1,1.4,28.8,31.2,34.8,2024-03-12T00:00:00.000Z,706cb6b730a302d196d430e322442780,INSERT,1.1,aws:dynamodb,us-west-2,arn:aws:dynamodb:us-west-2:726255829065:table/myair_patient_v1.0.1/stream/2020-12-06T07:03:05.495,2023-03-09T08:58:20.000Z,26657763400000000004210767249,415,NEW_AND_OLD_IMAGES,N,"","",2023-03-09T10:30:27.969Z,2023-03-09T10:30:27.969Z,"",5,N
00uhdtmtv4WYdSYQ8297,SLEEP_RECORD#2023-03-18,0.0,23223801940,2023-03-18T00:00:00.000Z,"",20,0,20,0,0,0,"","","","",2024-03-22T00:00:00.000Z,192b7411857de01a90b77b551cd0ea0d,INSERT,1.1,aws:dynamodb,us-west-2,arn:aws:dynamodb:us-west-2:726255829065:table/myair_patient_v1.0.1/stream/2020-12-06T07:03:05.495,2023-03-19T19:00:14.000Z,27071486000000000039237344018,324,NEW_AND_OLD_IMAGES,N,"","",2023-03-19T23:30:33.838Z,2023-03-19T23:30:33.838Z,"",5,N
00uhdtmtv4WYdSYQ8297,SLEEP_RECORD#2023-04-13,2.78,23223801940,2023-04-13T00:00:00.000Z,AutoSet,38,5,0,5,28,1,3.5,72.0,75.6,80.4,2024-04-17T00:00:00.000Z,60ce27504788f721083aca1a62698b13,INSERT,1.1,aws:dynamodb,us-west-2,arn:aws:dynamodb:us-west-2:726255829065:table/myair_patient_v1.0.1/stream/2020-12-06T07:03:05.495,2023-04-14T07:55:40.000Z,28082141100000000008060988598,413,NEW_AND_OLD_IMAGES,N,"","",2023-04-14T11:30:48.704Z,2023-04-14T11:30:48.704Z,"",5,N
00uhdtmtv4WYdSYQ8297,SLEEP_RECORD#2023-05-26,5.02,23223801940,2023-05-26T00:00:00.000Z,AutoSet,60,5,0,5,50,1,2.9,54.0,60.0,68.4,2024-05-30T00:00:00.000Z,b28301e74300f8fad52cef72e984b2d2,INSERT,1.1,aws:dynamodb,us-west-2,arn:aws:dynamodb:us-west-2:726255829065:table/myair_patient_v1.0.1/stream/2020-12-06T07:03:05.495,2023-05-27T15:10:48.000Z,29813117400000000011152844374,412,NEW_AND_OLD_IMAGES,N,"","",2023-05-27T17:31:15.615Z,2023-05-27T17:31:15.615Z,"",5,N
00uhdtmtv4WYdSYQ8297,SLEEP_RECORD#2023-05-07,0.53,23223801940,2023-05-07T00:00:00.000Z,AutoSet,23,5,8,5,5,1,0.0,33.6,36.0,39.6,2024-05-11T00:00:00.000Z,79a168e9d1bcd069d9e9262ec949da76,INSERT,1.1,aws:dynamodb,us-west-2,arn:aws:dynamodb:us-west-2:726255829065:table/myair_patient_v1.0.1/stream/2020-12-06T07:03:05.495,2023-05-08T07:26:47.000Z,29032817000000000024015219634,411,NEW_AND_OLD_IMAGES,N,"","",2023-05-08T11:30:43.037Z,2023-05-08T11:30:43.037Z,"",5,N
00uhdtmtv4WYdSYQ8297,SLEEP_RECORD#2023-06-24,5.7,23223801940,2023-06-24T00:00:00.000Z,AutoSet,67,5,0,5,57,1,1.2,55.2,60.0,70.8,2024-06-28T00:00:00.000Z,d5ef83a4508574d477d1070897164179,INSERT,1.1,aws:dynamodb,us-west-2,arn:aws:dynamodb:us-west-2:726255829065:table/myair_patient_v1.0.1/stream/2020-12-06T07:03:05.495,2023-06-25T13:56:26.000Z,31079299200000000030668541480,413,NEW_AND_OLD_IMAGES,N,"","",2023-06-25T08:30:47.120Z,2023-06-25T09:33:13.135Z,"",5,N
00uhdtmtv4WYdSYQ8297,SLEEP_RECORD#2023-04-05,3.05,23223801940,2023-04-05T00:00:00.000Z,AutoSet,42,5,2,4,31,3,3.6,33.6,38.4,51.6,2024-04-09T00:00:00.000Z,2e4ac860bf539a1d8b85083fefa7388e,MODIFY,1.1,aws:dynamodb,us-west-2,arn:aws:dynamodb:us-west-2:726255829065:table/myair_patient_v1.0.1/stream/2020-12-06T07:03:05.495,2023-04-06T11:09:47.000Z,27770381100000000033249122622,766,NEW_AND_OLD_IMAGES,N,"","",2023-04-06T11:30:32.483Z,2023-04-06T11:30:32.483Z,"",5,N
00uhdtmtv4WYdSYQ8297,SLEEP_RECORD#2023-05-18,4.25,23223801940,2023-05-18T00:00:00.000Z,AutoSet,53,5,0,5,43,1,2.8,50.4,55.2,64.8,2024-05-22T00:00:00.000Z,8e46f0b67a20c2980e90f2752f0e180f,INSERT,1.1,aws:dynamodb,us-west-2,arn:aws:dynamodb:us-west-2:726255829065:table/myair_patient_v1.0.1/stream/2020-12-06T07:03:05.495,2023-05-19T12:15:06.000Z,29478720900000000010498242527,414,NEW_AND_OLD_IMAGES,N,"","",2023-05-19T11:30:36.673Z,2023-05-19T17:32:10.754Z,"",5,N
00uhdtmtv4WYdSYQ8297,SLEEP_RECORD#2023-06-10,5.63,23223801940,2023-06-10T00:00:00.000Z,AutoSet,66,5,0,5,56,1,0.8,67.2,72.0,86.4,2024-06-14T00:00:00.000Z,4dbaa22e7550a9fa05c8f71f4b235d1e,INSERT,1.1,aws:dynamodb,us-west-2,arn:aws:dynamodb:us-west-2:726255829065:table/myair_patient_v1.0.1/stream/2020-12-06T07:03:05.495,2023-06-12T03:41:36.000Z,30409466200000000012977947333,412,NEW_AND_OLD_IMAGES,N,"","",2023-06-12T05:30:43.455Z,2023-06-12T05:30:43.455Z,"",5,N
00uhdtmtv4WYdSYQ8297,SLEEP_RECORD#2023-06-23,5.12,23223801940,2023-06-23T00:00:00.000Z,AutoSet,61,5,0,5,51,2,3.9,58.8,67.2,84.0,2024-06-27T00:00:00.000Z,e13005631a1438feea8360448010b34a,MODIFY,1.1,aws:dynamodb,us-west-2,arn:aws:dynamodb:us-west-2:726255829065:table/myair_patient_v1.0.1/stream/2020-12-06T07:03:05.495,2023-06-24T14:06:50.000Z,31037021600000000028745881149,763,NEW_AND_OLD_IMAGES,N,"","",2023-06-24T02:30:46.561Z,2023-06-24T09:30:47.339Z,"",5,N
00uhdtmtv4WYdSYQ8297,SLEEP_RECORD#2023-05-25,3.27,23223801940,2023-05-25T00:00:00.000Z,AutoSet,42,4,0,5,33,1,7.6,46.8,57.6,67.2,2024-05-29T00:00:00.000Z,71da4a2f9125b4b00f4a8589785c9c11,INSERT,1.1,aws:dynamodb,us-west-2,arn:aws:dynamodb:us-west-2:726255829065:table/myair_patient_v1.0.1/stream/2020-12-06T07:03:05.495,2023-05-26T19:19:47.000Z,29781452500000000025787149591,414,NEW_AND_OLD_IMAGES,N,"","",2023-05-26T23:30:49.613Z,2023-05-26T23:30:49.613Z,"",5,N
00uhdtmtv4WYdSYQ8297,SLEEP_RECORD#2023-05-16,5.47,23223801940,2023-05-16T00:00:00.000Z,AutoSet,65,5,0,5,55,1,1.0,87.6,99.6,118.8,2024-05-20T00:00:00.000Z,3c0f5f5517b470bee477c177106ed2b7,INSERT,1.1,aws:dynamodb,us-west-2,arn:aws:dynamodb:us-west-2:726255829065:table/myair_patient_v1.0.1/stream/2020-12-06T07:03:05.495,2023-05-17T16:00:33.000Z,29410390800000000044156602695,414,NEW_AND_OLD_IMAGES,N,"","",2023-05-17T17:31:32.787Z,2023-05-17T17:31:32.787Z,"",5,N
00uhdtmtv4WYdSYQ8297,SLEEP_RECORD#2023-06-25,4.15,23223801940,2023-06-25T00:00:00.000Z,AutoSet,52,5,0,5,42,1,1.4,61.2,66.0,69.6,2024-06-29T00:00:00.000Z,49044187367017d50797c388f44e3119,INSERT,1.1,aws:dynamodb,us-west-2,arn:aws:dynamodb:us-west-2:726255829065:table/myair_patient_v1.0.1/stream/2020-12-06T07:03:05.495,2023-06-26T14:20:16.000Z,31127009600000000013499514827,413,NEW_AND_OLD_IMAGES,N,"","",2023-06-26T08:30:45.931Z,2023-06-26T09:30:40.882Z,"",5,N
00uhdtmtv4WYdSYQ8297,SLEEP_RECORD#2023-03-28,2.45,23223801940,2023-03-28T00:00:00.000Z,AutoSet,35,5,0,5,25,1,2.4,39.6,44.4,57.6,2024-04-01T00:00:00.000Z,13488f482ac2d1f24b1a5838e178f8d4,INSERT,1.1,aws:dynamodb,us-west-2,arn:aws:dynamodb:us-west-2:726255829065:table/myair_patient_v1.0.1/stream/2020-12-06T07:03:05.495,2023-03-29T08:59:31.000Z,27449601600000000019258746279,414,NEW_AND_OLD_IMAGES,N,"","",2023-03-29T11:30:31.396Z,2023-03-29T11:30:31.396Z,"",5,N
00uhdtmtv4WYdSYQ8297,SLEEP_RECORD#2023-06-01,2.57,23223801940,2023-06-01T00:00:00.000Z,AutoSet,36,5,0,5,26,1,0.7,51.6,62.4,70.8,2024-06-05T00:00:00.000Z,efd76693ba5105befe392065eb299fc6,INSERT,1.1,aws:dynamodb,us-west-2,arn:aws:dynamodb:us-west-2:726255829065:table/myair_patient_v1.0.1/stream/2020-12-06T07:03:05.495,2023-06-02T10:03:05.000Z,30043070300000000024798712342,413,NEW_AND_OLD_IMAGES,N,"","",2023-06-05T12:44:26.463Z,2023-06-05T12:44:26.463Z,"",5,N
00uhdtmtv4WYdSYQ8297,SLEEP_RECORD#2023-06-18,4.67,23223801940,2023-06-18T00:00:00.000Z,AutoSet,57,5,0,5,47,1,0.6,51.6,55.2,70.8,2024-06-22T00:00:00.000Z,e2ecf313da0396a1fdbbbc648c36f0b7,INSERT,1.1,aws:dynamodb,us-west-2,arn:aws:dynamodb:us-west-2:726255829065:table/myair_patient_v1.0.1/stream/2020-12-06T07:03:05.495,2023-06-19T13:22:09.000Z,30806286900000000016170404023,413,NEW_AND_OLD_IMAGES,N,"","",2023-06-19T08:33:09.233Z,2023-06-19T09:30:42.417Z,"",5,N
00uhdtmtv4WYdSYQ8297,SLEEP_RECORD#2023-04-17,4.37,23223801940,2023-04-17T00:00:00.000Z,AutoSet,54,5,0,5,44,2,0.4,52.8,57.6,63.6,2024-04-21T00:00:00.000Z,11f108930d76f50ffbe1aa15847777e2,MODIFY,1.1,aws:dynamodb,us-west-2,arn:aws:dynamodb:us-west-2:726255829065:table/myair_patient_v1.0.1/stream/2020-12-06T07:03:05.495,2023-04-18T15:06:03.000Z,28256904200000000022230326385,765,NEW_AND_OLD_IMAGES,N,"","",2023-04-18T11:30:40.542Z,2023-04-18T17:31:06.563Z,"",5,N
00uhdtmtv4WYdSYQ8297,SLEEP_RECORD#2023-05-03,5.28,23223801940,2023-05-03T00:00:00.000Z,AutoSet,62,5,0,4,53,3,1.5,43.2,50.4,61.2,2024-05-07T00:00:00.000Z,8982a372aacfc0f8706c81b922148ec7,MODIFY,1.1,aws:dynamodb,us-west-2,arn:aws:dynamodb:us-west-2:726255829065:table/myair_patient_v1.0.1/stream/2020-12-06T07:03:05.495,2023-05-04T15:33:45.000Z,28893687200000000008356222877,765,NEW_AND_OLD_IMAGES,N,"","",2023-05-04T11:31:21.189Z,2023-05-04T17:37:42.232Z,"",5,N
00uhdtmtv4WYdSYQ8297,SLEEP_RECORD#2023-02-23,4.92,23223801940,2023-02-23T00:00:00.000Z,AutoSet,60,5,2,4,49,3,4.6,36.0,39.6,50.4,2024-02-28T00:00:00.000Z,421d49eea1715b33e96f7e83517cfe7b,MODIFY,1.1,aws:dynamodb,us-west-2,arn:aws:dynamodb:us-west-2:726255829065:table/myair_patient_v1.0.1/stream/2020-12-06T07:03:05.495,2023-02-24T18:07:36.000Z,26171576300000000000969669287,767,NEW_AND_OLD_IMAGES,N,"","",2023-02-24T16:39:36.144Z,2023-02-24T16:39:36.144Z,"",5,N
00uhdtmtv4WYdSYQ8297,SLEEP_RECORD#2023-04-24,4.98,23223801940,2023-04-24T00:00:00.000Z,AutoSet,58,5,0,3,50,4,3.2,39.6,55.2,68.4,2024-04-28T00:00:00.000Z,37fd535ec6ebdb8436adda96c912ecd6,MODIFY,1.1,aws:dynamodb,us-west-2,arn:aws:dynamodb:us-west-2:726255829065:table/myair_patient_v1.0.1/stream/2020-12-06T07:03:05.495,2023-04-25T16:26:39.000Z,28537752200000000022018572574,767,NEW_AND_OLD_IMAGES,N,"","",2023-04-24T23:30:55.531Z,2023-04-25T17:31:12.228Z,"",5,N
00uhdtmtv4WYdSYQ8297,SLEEP_RECORD#2023-04-21,4.43,23223801940,2023-04-21T00:00:00.000Z,AutoSet,52,5,0,3,44,4,2.9,46.8,57.6,73.2,2024-04-25T00:00:00.000Z,ef4caea60e89dd977455023c38632191,MODIFY,1.1,aws:dynamodb,us-west-2,arn:aws:dynamodb:us-west-2:726255829065:table/myair_patient_v1.0.1/stream/2020-12-06T07:03:05.495,2023-04-22T18:25:34.000Z,28420676500000000007844985021,767,NEW_AND_OLD_IMAGES,N,"","",2023-04-21T23:31:10.050Z,2023-04-22T23:30:28.973Z,"",5,N
00uhdtmtv4WYdSYQ8297,SLEEP_RECORD#2023-04-25,3.38,23223801940,2023-04-25T00:00:00.000Z,AutoSet,45,5,2,4,34,3,0.8,36.0,42.0,51.6,2024-04-29T00:00:00.000Z,e3021ec79d2f979355e46a0ed7bdfad5,MODIFY,1.1,aws:dynamodb,us-west-2,arn:aws:dynamodb:us-west-2:726255829065:table/myair_patient_v1.0.1/stream/2020-12-06T07:03:05.495,2023-04-26T12:42:40.000Z,28569556500000000024654691075,764,NEW_AND_OLD_IMAGES,N,"","",2023-04-26T11:31:02.404Z,2023-04-26T17:31:43.946Z,"",5,N
00uhdtmtv4WYdSYQ8297,SLEEP_RECORD#2023-05-13,0.0,23223801940,2023-05-13T00:00:00.000Z,"",20,0,20,0,0,0,"","","","",2024-05-17T00:00:00.000Z,700226cd69c07670c93e52e4a321f3c9,INSERT,1.1,aws:dynamodb,us-west-2,arn:aws:dynamodb:us-west-2:726255829065:table/myair_patient_v1.0.1/stream/2020-12-06T07:03:05.495,2023-05-14T18:59:46.000Z,29297017700000000009756689056,324,NEW_AND_OLD_IMAGES,N,"","",2023-05-14T23:30:33.004Z,2023-05-14T23:30:33.004Z,"",5,N
00uhdtmtv4WYdSYQ8297,SLEEP_RECORD#2023-03-16,2.42,23223801940,2023-03-16T00:00:00.000Z,AutoSet,39,5,5,5,24,1,0.8,39.6,42.0,45.6,2024-03-20T00:00:00.000Z,a0b12923dd28c15e76bcb08a1e8d57e3,INSERT,1.1,aws:dynamodb,us-west-2,arn:aws:dynamodb:us-west-2:726255829065:table/myair_patient_v1.0.1/stream/2020-12-06T07:03:05.495,2023-03-17T09:12:54.000Z,26969967400000000004597075580,413,NEW_AND_OLD_IMAGES,N,"","",2023-03-17T11:30:24.557Z,2023-03-17T11:30:24.557Z,"",5,N
00uhdtmtv4WYdSYQ8297,SLEEP_RECORD#2023-06-14,4.97,23223801940,2023-06-14T00:00:00.000Z,AutoSet,60,5,0,5,50,1,1.8,58.8,66.0,82.8,2024-06-18T00:00:00.000Z,4aa925656e3cb5e9e4bf3899bbdba78a,INSERT,1.1,aws:dynamodb,us-west-2,arn:aws:dynamodb:us-west-2:726255829065:table/myair_patient_v1.0.1/stream/2020-12-06T07:03:05.495,2023-06-15T11:58:52.000Z,30581219700000000041408451942,413,NEW_AND_OLD_IMAGES,N,"","",2023-06-15T07:30:47.231Z,2023-06-15T07:30:47.231Z,"",5,N
00uhdtmtv4WYdSYQ8297,SLEEP_RECORD#2023-06-13,3.67,23223801940,2023-06-13T00:00:00.000Z,AutoSet,45,3,0,5,37,2,10.3,58.8,63.6,79.2,2024-06-17T00:00:00.000Z,b201b55f20193363bc18fb97789aea14,MODIFY,1.1,aws:dynamodb,us-west-2,arn:aws:dynamodb:us-west-2:726255829065:table/myair_patient_v1.0.1/stream/2020-12-06T07:03:05.495,2023-06-14T10:12:22.000Z,30516888200000000012686280447,766,NEW_AND_OLD_IMAGES,N,"","",2023-06-13T23:30:48.682Z,2023-06-14T05:31:13.703Z,"",5,N
00uhdtmtv4WYdSYQ8297,SLEEP_RECORD#2023-05-27,4.85,23223801940,2023-05-27T00:00:00.000Z,AutoSet,59,5,0,5,49,1,1.8,44.4,48.0,63.6,2024-05-31T00:00:00.000Z,38005855074e8f3364c8cc5f7490a82d,INSERT,1.1,aws:dynamodb,us-west-2,arn:aws:dynamodb:us-west-2:726255829065:table/myair_patient_v1.0.1/stream/2020-12-06T07:03:05.495,2023-05-28T15:36:51.000Z,29854653100000000045498231006,413,NEW_AND_OLD_IMAGES,N,"","",2023-05-28T17:32:46.082Z,2023-05-28T17:32:46.082Z,"",5,N
00uhdtmtv4WYdSYQ8297,SLEEP_RECORD#2023-06-19,2.68,23223801940,2023-06-19T00:00:00.000Z,AutoSet,37,5,0,5,27,1,0.0,55.2,58.8,66.0,2024-06-23T00:00:00.000Z,d3195943762e44f9a06eae35c648a9dc,INSERT,1.1,aws:dynamodb,us-west-2,arn:aws:dynamodb:us-west-2:726255829065:table/myair_patient_v1.0.1/stream/2020-12-06T07:03:05.495,2023-06-20T08:46:08.000Z,30842710900000000046018712285,411,NEW_AND_OLD_IMAGES,N,"","",2023-06-20T03:30:32.944Z,2023-06-20T04:30:30.536Z,"",5,N
00uhdtmtv4WYdSYQ8297,SLEEP_RECORD#2023-04-14,5.82,23223801940,2023-04-14T00:00:00.000Z,AutoSet,68,5,0,5,58,1,4.2,57.6,67.2,76.8,2024-04-18T00:00:00.000Z,e92d26d1a8b0ae857e677db0bc7f66f9,INSERT,1.1,aws:dynamodb,us-west-2,arn:aws:dynamodb:us-west-2:726255829065:table/myair_patient_v1.0.1/stream/2020-12-06T07:03:05.495,2023-04-15T16:27:41.000Z,28141172800000000041233428658,414,NEW_AND_OLD_IMAGES,N,"","",2023-04-15T17:31:32.433Z,2023-04-15T17:31:32.433Z,"",5,N
00uhdtmtv4WYdSYQ8297,SLEEP_RECORD#2023-04-20,4.58,23223801940,2023-04-20T00:00:00.000Z,AutoSet,56,5,0,5,46,1,0.4,45.6,52.8,63.6,2024-04-24T00:00:00.000Z,cddce45e9d5c916237f7efdb464929cd,INSERT,1.1,aws:dynamodb,us-west-2,arn:aws:dynamodb:us-west-2:726255829065:table/myair_patient_v1.0.1/stream/2020-12-06T07:03:05.495,2023-04-21T14:17:45.000Z,28371369100000000010555997882,413,NEW_AND_OLD_IMAGES,N,"","",2023-04-21T17:31:17.552Z,2023-04-21T17:31:17.552Z,"",5,N
00uhdtmtv4WYdSYQ8297,SLEEP_RECORD#2023-04-12,6.23,23223801940,2023-04-12T00:00:00.000Z,AutoSet,72,5,0,5,62,1,4.4,61.2,64.8,70.8,2024-04-16T00:00:00.000Z,06e2854283ce01a2d067f5622cbf2c9c,INSERT,1.1,aws:dynamodb,us-west-2,arn:aws:dynamodb:us-west-2:726255829065:table/myair_patient_v1.0.1/stream/2020-12-06T07:03:05.495,2023-04-13T14:37:51.000Z,28059756400000000035418389748,414,NEW_AND_OLD_IMAGES,N,"","",2023-04-13T17:32:31.307Z,2023-04-13T17:32:31.307Z,"",5,N
00uhdtmtv4WYdSYQ8297,SLEEP_RECORD#2023-05-29,5.0,23223801940,2023-05-29T00:00:00.000Z,AutoSet,60,5,0,5,50,1,1.0,52.8,60.0,72.0,2024-06-02T00:00:00.000Z,8080ededec0504a377ea7a2af1fc53bf,INSERT,1.1,aws:dynamodb,us-west-2,arn:aws:dynamodb:us-west-2:726255829065:table/myair_patient_v1.0.1/stream/2020-12-06T07:03:05.495,2023-05-30T15:19:42.000Z,29935728400000000008800854325,410,NEW_AND_OLD_IMAGES,N,"","",2023-05-30T17:31:38.667Z,2023-05-30T17:31:38.667Z,"",5,N
00uhdtmtv4WYdSYQ8297,SLEEP_RECORD#2023-06-26,5.87,23223801940,2023-06-26T00:00:00.000Z,AutoSet,69,5,0,5,59,1,2.0,55.2,61.2,79.2,2024-06-30T00:00:00.000Z,bcb95a1841ac7f20fbd47b920acf9102,INSERT,1.1,aws:dynamodb,us-west-2,arn:aws:dynamodb:us-west-2:726255829065:table/myair_patient_v1.0.1/stream/2020-12-06T07:03:05.495,2023-06-27T11:27:14.000Z,31159715100000000042880615760,413,NEW_AND_OLD_IMAGES,N,"","",2023-06-27T05:30:46.519Z,2023-06-27T06:31:12.607Z,"",5,N
00uhdtmtv4WYdSYQ8297,SLEEP_RECORD#2023-06-15,5.67,23223801940,2023-06-15T00:00:00.000Z,AutoSet,67,5,0,5,57,1,2.8,60.0,67.2,78.0,2024-06-19T00:00:00.000Z,db0be9b2a610fa467b79357645857e90,INSERT,1.1,aws:dynamodb,us-west-2,arn:aws:dynamodb:us-west-2:726255829065:table/myair_patient_v1.0.1/stream/2020-12-06T07:03:05.495,2023-06-16T13:55:35.000Z,30643855300000000043504638686,412,NEW_AND_OLD_IMAGES,N,"","",2023-06-16T09:30:43.836Z,2023-06-16T10:30:53.819Z,"",5,N
00uhdtmtv4WYdSYQ8297,SLEEP_RECORD#2023-04-29,4.18,23223801940,2023-04-29T00:00:00.000Z,AutoSet,52,5,0,5,42,2,1.1,51.6,54.0,64.8,2024-05-03T00:00:00.000Z,42eae911cfd8fd2d48fab17636bd3412,MODIFY,1.1,aws:dynamodb,us-west-2,arn:aws:dynamodb:us-west-2:726255829065:table/myair_patient_v1.0.1/stream/2020-12-06T07:03:05.495,2023-04-30T17:21:40.000Z,28738658500000000042828022143,765,NEW_AND_OLD_IMAGES,N,"","",2023-04-30T17:30:50.661Z,2023-04-30T17:30:50.661Z,"",5,N
00uhdtmtv4WYdSYQ8297,SLEEP_RECORD#2023-04-02,3.75,23223801940,2023-04-02T00:00:00.000Z,AutoSet,53,5,5,5,38,1,0.8,37.2,40.8,45.6,2024-04-06T00:00:00.000Z,6013e8fe8883dc38d87d92410dfb04d8,INSERT,1.1,aws:dynamodb,us-west-2,arn:aws:dynamodb:us-west-2:726255829065:table/myair_patient_v1.0.1/stream/2020-12-06T07:03:05.495,2023-04-03T12:16:11.000Z,27654352400000000004143176006,414,NEW_AND_OLD_IMAGES,N,"","",2023-04-03T11:30:35.106Z,2023-04-03T17:30:57.373Z,"",5,N
00uhdtmtv4WYdSYQ8297,SLEEP_RECORD#2023-05-15,6.28,23223801940,2023-05-15T00:00:00.000Z,AutoSet,73,5,0,5,63,1,0.6,55.2,60.0,70.8,2024-05-19T00:00:00.000Z,6d57bd4ca04c01b0b79ab3d3a83984a5,INSERT,1.1,aws:dynamodb,us-west-2,arn:aws:dynamodb:us-west-2:726255829065:table/myair_patient_v1.0.1/stream/2020-12-06T07:03:05.495,2023-05-16T16:17:11.000Z,29371217300000000024352350162,412,NEW_AND_OLD_IMAGES,N,"","",2023-05-16T17:31:21.408Z,2023-05-16T17:31:21.408Z,"",5,N
00uhdtmtv4WYdSYQ8297,SLEEP_RECORD#2023-04-06,5.28,23223801940,2023-04-06T00:00:00.000Z,AutoSet,63,5,0,5,53,1,3.2,52.8,57.6,64.8,2024-04-10T00:00:00.000Z,9194bbe5826619e8e1988b6686022372,INSERT,1.1,aws:dynamodb,us-west-2,arn:aws:dynamodb:us-west-2:726255829065:table/myair_patient_v1.0.1/stream/2020-12-06T07:03:05.495,2023-04-07T13:31:06.000Z,27816160100000000010062302771,414,NEW_AND_OLD_IMAGES,N,"","",2023-04-07T17:31:23.793Z,2023-04-07T17:31:23.793Z,"",5,N
00uhdtmtv4WYdSYQ8297,SLEEP_RECORD#2023-02-26,3.78,23223801940,2023-02-26T00:00:00.000Z,AutoSet,46,5,0,3,38,4,0.0,43.2,52.8,68.4,2024-03-02T00:00:00.000Z,a8caf48c784ee412b6549bc38dbcbaae,MODIFY,1.1,aws:dynamodb,us-west-2,arn:aws:dynamodb:us-west-2:726255829065:table/myair_patient_v1.0.1/stream/2020-12-06T07:03:05.495,2023-02-27T21:30:05.000Z,26292088300000000003997699840,761,NEW_AND_OLD_IMAGES,N,"","",2023-02-27T04:30:20.690Z,2023-02-27T22:30:27.150Z,"",5,N
00uhdtmtv4WYdSYQ8297,SLEEP_RECORD#2023-03-15,4.52,23223801940,2023-03-15T00:00:00.000Z,AutoSet,60,5,5,5,45,1,3.9,36.0,38.4,45.6,2024-03-19T00:00:00.000Z,6cd225ebdad73bfe6c6a781d54e897c4,INSERT,1.1,aws:dynamodb,us-west-2,arn:aws:dynamodb:us-west-2:726255829065:table/myair_patient_v1.0.1/stream/2020-12-06T07:03:05.495,2023-03-16T11:12:47.000Z,26935816300000000005497417105,414,NEW_AND_OLD_IMAGES,N,"","",2023-03-16T11:30:37.007Z,2023-03-16T11:30:37.007Z,"",5,N
00uhdtmtv4WYdSYQ8297,SLEEP_RECORD#2023-03-07,7.38,23223801940,2023-03-07T00:00:00.000Z,AutoSet,87,5,7,5,70,1,5.8,32.4,34.8,40.8,2024-03-11T00:00:00.000Z,01ae06d009874658d8ef83573695316b,INSERT,1.1,aws:dynamodb,us-west-2,arn:aws:dynamodb:us-west-2:726255829065:table/myair_patient_v1.0.1/stream/2020-12-06T07:03:05.495,2023-03-08T15:42:52.000Z,26635192300000000004246305548,415,NEW_AND_OLD_IMAGES,N,"","",2023-03-08T16:30:30.036Z,2023-03-08T16:30:30.036Z,"",5,N
